id,activity
537219938,Accepted
537219938,Accepted
537219938,Queued
537219938,Accepted
537219938,Queued
537219938,Accepted
537219938,Queued
537219938,Accepted
537219938,Queued
537219938,Accepted
537219938,Accepted
537219938,Queued
537219938,Accepted
537219938,Queued
537219938,Accepted
537219938,Queued
537219938,Accepted
537219938,Completed
537219938,Completed
580987781,Queued
580987781,Queued
580987781,Accepted
580987781,Accepted
580987781,Accepted
580987781,Accepted
580987781,Accepted
580987781,Completed
580987781,Completed
636928149,Accepted
636928149,Accepted
636928149,Queued
636928149,Accepted
636928149,Queued
636928149,Accepted
636928149,Queued
636928149,Accepted
636928149,Queued
636928149,Accepted
636928149,Queued
636928149,Accepted
636928149,Completed
636928149,Completed
665922195,Accepted
665922195,Accepted
665922195,Queued
665922195,Accepted
665922195,Queued
665922195,Accepted
665922195,Completed
665922195,Completed
688696731,Queued
688696731,Accepted
688696731,Queued
688696731,Accepted
688696731,Accepted
688696731,Completed
688696731,Queued
688696731,Accepted
688696731,Accepted
688696731,Completed
688696731,Completed
691832279,Accepted
691832279,Accepted
691832279,Queued
691832279,Accepted
691832279,Queued
691832279,Accepted
691832279,Completed
691832279,Completed
694274811,Queued
694274811,Queued
694274811,Accepted
694274811,Accepted
694274811,Accepted
694274811,Accepted
694274811,Queued
694274811,Accepted
694274811,Queued
694274811,Accepted
694274811,Accepted
694274811,Accepted
694274811,Queued
694274811,Accepted
694274811,Queued
694274811,Accepted
694274811,Queued
694274811,Accepted
694274811,Completed
694274811,Completed
694975897,Accepted
694975897,Accepted
694975897,Queued
694975897,Accepted
694975897,Queued
694975897,Accepted
694975897,Completed
694975897,Completed
695872361,Queued
695872361,Accepted
695872361,Queued
695872361,Accepted
695872361,Queued
695872361,Accepted
695872361,Queued
695872361,Accepted
695872361,Accepted
695872361,Accepted
695872361,Accepted
695872361,Completed
695872361,Completed
696361691,Queued
696361691,Accepted
696361691,Accepted
696361691,Queued
696361691,Accepted
696361691,Completed
696361691,Completed
697896972,Accepted
697896972,Accepted
697896972,Queued
697896972,Accepted
697896972,Queued
697896972,Accepted
697896972,Completed
697896972,Completed
698065363,Accepted
698065363,Accepted
698065363,Queued
698065363,Accepted
698065363,Queued
698065363,Accepted
698065363,Accepted
698065363,Accepted
698065363,Accepted
698065363,Queued
698065363,Accepted
698065363,Accepted
698065363,Accepted
698065363,Queued
698065363,Accepted
698065363,Accepted
698065363,Accepted
698065363,Queued
698065363,Accepted
698065363,Queued
698065363,Accepted
698065363,Completed
698065363,Completed
698350971,Accepted
698350971,Accepted
698350971,Queued
698350971,Accepted
698350971,Queued
698350971,Accepted
698350971,Completed
698350971,Completed
704868231,Accepted
704868231,Accepted
704868231,Queued
704868231,Accepted
704868231,Accepted
704868231,Accepted
704868231,Queued
704868231,Accepted
704868231,Queued
704868231,Accepted
704868231,Completed
704868231,Completed
705845431,Queued
705845431,Accepted
705845431,Queued
705845431,Accepted
705845431,Queued
705845431,Accepted
705845431,Queued
705845431,Accepted
705845431,Completed
705845431,Completed
707802351,Queued
707802351,Queued
707802351,Queued
707802351,Accepted
707802351,Accepted
707802351,Queued
707802351,Accepted
707802351,Accepted
707802351,Accepted
707802351,Accepted
707802351,Queued
707802351,Queued
707802351,Accepted
707802351,Accepted
707802351,Queued
707802351,Accepted
707802351,Accepted
707802351,Accepted
707802351,Queued
707802351,Accepted
707802351,Queued
707802351,Accepted
707802351,Queued
707802351,Accepted
707802351,Accepted
707802351,Accepted
707802351,Accepted
707802351,Accepted
707802351,Accepted
707802351,Accepted
707802351,Queued
707802351,Accepted
707802351,Accepted
707802351,Accepted
707802351,Completed
707802351,Completed
708116781,Queued
708116781,Accepted
708116781,Queued
708116781,Accepted
708116781,Completed
708116781,Completed
709496690,Accepted
709496690,Accepted
709496690,Queued
709496690,Accepted
709496690,Queued
709496690,Accepted
709496690,Completed
709496690,Completed
710248131,Accepted
710248131,Accepted
710248131,Queued
710248131,Accepted
710248131,Queued
710248131,Accepted
710248131,Completed
710248131,Completed
712908376,Accepted
712908376,Accepted
712908376,Accepted
712908376,Accepted
712908376,Queued
712908376,Accepted
712908376,Completed
712908376,Completed
715677131,Accepted
715677131,Accepted
715677131,Queued
715677131,Accepted
715677131,Accepted
715677131,Accepted
715677131,Queued
715677131,Accepted
715677131,Completed
715677131,Completed
716195100,Accepted
716195100,Accepted
716195100,Queued
716195100,Accepted
716195100,Queued
716195100,Accepted
716195100,Completed
716195100,Completed
716688713,Accepted
716688713,Accepted
716688713,Queued
716688713,Accepted
716688713,Queued
716688713,Accepted
716688713,Queued
716688713,Accepted
716688713,Completed
716688713,Completed
717173812,Accepted
717173812,Accepted
717173812,Queued
717173812,Accepted
717173812,Queued
717173812,Accepted
717173812,Completed
717173812,Completed
718032180,Accepted
718032180,Accepted
718032180,Queued
718032180,Accepted
718032180,Queued
718032180,Accepted
718032180,Accepted
718032180,Accepted
718032180,Queued
718032180,Queued
718032180,Accepted
718032180,Queued
718032180,Accepted
718032180,Accepted
718032180,Queued
718032180,Accepted
718032180,Queued
718032180,Accepted
718032180,Queued
718032180,Accepted
718032180,Queued
718032180,Accepted
718032180,Accepted
718032180,Accepted
718032180,Accepted
718032180,Accepted
718032180,Accepted
718032180,Accepted
718032180,Completed
718032180,Completed
718915746,Accepted
718915746,Accepted
718915746,Queued
718915746,Accepted
718915746,Queued
718915746,Accepted
718915746,Accepted
718915746,Accepted
718915746,Accepted
718915746,Queued
718915746,Accepted
718915746,Accepted
718915746,Accepted
718915746,Accepted
718915746,Queued
718915746,Accepted
718915746,Accepted
718915746,Accepted
718915746,Queued
718915746,Accepted
718915746,Accepted
718915746,Accepted
718915746,Accepted
718915746,Accepted
718915746,Queued
718915746,Accepted
718915746,Queued
718915746,Accepted
718915746,Queued
718915746,Accepted
718915746,Completed
718915746,Completed
720472355,Accepted
720472355,Accepted
720472355,Queued
720472355,Accepted
720472355,Queued
720472355,Accepted
720472355,Completed
720472355,Completed
722273075,Accepted
722273075,Accepted
722273075,Accepted
722273075,Accepted
722273075,Accepted
722273075,Queued
722273075,Accepted
722273075,Queued
722273075,Accepted
722273075,Queued
722273075,Accepted
722273075,Accepted
722273075,Accepted
722273075,Accepted
722273075,Accepted
722273075,Queued
722273075,Accepted
722273075,Accepted
722273075,Accepted
722273075,Queued
722273075,Accepted
722273075,Completed
722273075,Completed
728181260,Accepted
728181260,Accepted
728181260,Queued
728181260,Accepted
728181260,Queued
728181260,Accepted
728181260,Accepted
728181260,Accepted
728181260,Accepted
728181260,Accepted
728181260,Accepted
728181260,Accepted
728181260,Accepted
728181260,Queued
728181260,Accepted
728181260,Accepted
728181260,Accepted
728181260,Accepted
728181260,Queued
728181260,Accepted
728181260,Queued
728181260,Accepted
728181260,Accepted
728181260,Accepted
728181260,Queued
728181260,Accepted
728181260,Completed
728181260,Completed
728269093,Accepted
728269093,Accepted
728269093,Accepted
728269093,Queued
728269093,Accepted
728269093,Queued
728269093,Accepted
728269093,Accepted
728269093,Accepted
728269093,Accepted
728269093,Accepted
728269093,Accepted
728269093,Queued
728269093,Accepted
728269093,Accepted
728269093,Accepted
728269093,Accepted
728269093,Completed
728269093,Completed
728380361,Queued
728380361,Accepted
728380361,Queued
728380361,Accepted
728380361,Queued
728380361,Accepted
728380361,Completed
728380361,Completed
728380451,Queued
728380451,Accepted
728380451,Queued
728380451,Accepted
728380451,Accepted
728380451,Accepted
728380451,Completed
728380451,Completed
728409061,Accepted
728409061,Accepted
728409061,Queued
728409061,Accepted
728409061,Queued
728409061,Accepted
728409061,Queued
728409061,Accepted
728409061,Queued
728409061,Accepted
728409061,Completed
728409061,Completed
728737339,Accepted
728737339,Accepted
728737339,Completed
728737339,Completed
728737339,Queued
728737339,Accepted
728737339,Accepted
728737339,Accepted
728737339,Queued
728737339,Accepted
728737339,Accepted
728737339,Accepted
728737339,Accepted
728737339,Queued
728737339,Accepted
728737339,Accepted
728737339,Queued
728737339,Accepted
728737339,Accepted
728737339,Accepted
728737339,Completed
728737339,Completed
729249186,Queued
729249186,Accepted
729249186,Queued
729249186,Accepted
729249186,Completed
729249186,Completed
729527202,Accepted
729527202,Accepted
729527202,Queued
729527202,Accepted
729527202,Accepted
729527202,Accepted
729527202,Accepted
729527202,Accepted
729527202,Queued
729527202,Accepted
729527202,Completed
729527202,Completed
729593276,Accepted
729593276,Accepted
729593276,Queued
729593276,Accepted
729593276,Accepted
729593276,Completed
729593276,Completed
729639068,Accepted
729639068,Accepted
729639068,Queued
729639068,Accepted
729639068,Queued
729639068,Accepted
729639068,Queued
729639068,Accepted
729639068,Accepted
729639068,Completed
729639068,Completed
729659239,Accepted
729659239,Accepted
729659239,Queued
729659239,Accepted
729659239,Queued
729659239,Accepted
729659239,Queued
729659239,Accepted
729659239,Accepted
729659239,Completed
729659239,Completed
730129661,Accepted
730129661,Accepted
730129661,Queued
730129661,Accepted
730129661,Queued
730129661,Accepted
730129661,Completed
730129661,Completed
730952971,Accepted
730952971,Accepted
730952971,Accepted
730952971,Completed
730952971,Completed
730969651,Queued
730969651,Accepted
730969651,Queued
730969651,Accepted
730969651,Accepted
730969651,Queued
730969651,Accepted
730969651,Queued
730969651,Accepted
730969651,Accepted
730969651,Queued
730969651,Accepted
730969651,Completed
730969651,Completed
730969761,Queued
730969761,Accepted
730969761,Accepted
730969761,Queued
730969761,Accepted
730969761,Queued
730969761,Accepted
730969761,Completed
730969761,Completed
731065533,Accepted
731065533,Accepted
731065533,Queued
731065533,Accepted
731065533,Queued
731065533,Accepted
731065533,Accepted
731065533,Accepted
731065533,Queued
731065533,Accepted
731065533,Accepted
731065533,Accepted
731065533,Queued
731065533,Accepted
731065533,Completed
731065533,Completed
731218589,Accepted
731218589,Accepted
731218589,Queued
731218589,Accepted
731218589,Queued
731218589,Accepted
731218589,Completed
731218589,Completed
731829921,Queued
731829921,Accepted
731829921,Queued
731829921,Accepted
731829921,Accepted
731829921,Queued
731829921,Accepted
731829921,Queued
731829921,Accepted
731829921,Completed
731829921,Completed
731830101,Queued
731830101,Accepted
731830101,Accepted
731830101,Queued
731830101,Accepted
731830101,Queued
731830101,Accepted
731830101,Completed
731830101,Completed
731830131,Queued
731830131,Accepted
731830131,Accepted
731830131,Queued
731830131,Accepted
731830131,Queued
731830131,Accepted
731830131,Queued
731830131,Accepted
731830131,Accepted
731830131,Accepted
731830131,Completed
731830131,Completed
731890914,Queued
731890914,Accepted
731890914,Queued
731890914,Accepted
731890914,Accepted
731890914,Queued
731890914,Accepted
731890914,Accepted
731890914,Queued
731890914,Accepted
731890914,Queued
731890914,Accepted
731890914,Completed
731890914,Completed
732061858,Accepted
732061858,Accepted
732061858,Accepted
732061858,Queued
732061858,Accepted
732061858,Completed
732061858,Completed
732179268,Accepted
732179268,Accepted
732179268,Queued
732179268,Accepted
732179268,Accepted
732179268,Accepted
732179268,Accepted
732179268,Accepted
732179268,Completed
732179268,Completed
732202511,Accepted
732202511,Accepted
732202511,Queued
732202511,Accepted
732202511,Queued
732202511,Accepted
732202511,Queued
732202511,Accepted
732202511,Queued
732202511,Accepted
732202511,Accepted
732202511,Completed
732202511,Completed
732211961,Queued
732211961,Accepted
732211961,Queued
732211961,Accepted
732211961,Queued
732211961,Accepted
732211961,Completed
732211961,Completed
732447930,Queued
732447930,Accepted
732447930,Queued
732447930,Accepted
732447930,Completed
732447930,Completed
732863332,Queued
732863332,Accepted
732863332,Queued
732863332,Accepted
732863332,Completed
732863332,Completed
733242301,Accepted
733242301,Accepted
733242301,Queued
733242301,Accepted
733242301,Completed
733242301,Completed
733279756,Accepted
733279756,Accepted
733279756,Accepted
733279756,Queued
733279756,Accepted
733279756,Queued
733279756,Accepted
733279756,Completed
733279756,Completed
733393162,Accepted
733393162,Accepted
733393162,Queued
733393162,Accepted
733393162,Queued
733393162,Accepted
733393162,Queued
733393162,Accepted
733393162,Completed
733393162,Completed
734732031,Accepted
734732031,Accepted
734732031,Queued
734732031,Accepted
734732031,Queued
734732031,Accepted
734732031,Queued
734732031,Accepted
734732031,Completed
734732031,Completed
734812571,Queued
734812571,Accepted
734812571,Queued
734812571,Accepted
734812571,Completed
734812571,Completed
734926010,Accepted
734926010,Accepted
734926010,Accepted
734926010,Accepted
734926010,Queued
734926010,Accepted
734926010,Queued
734926010,Accepted
734926010,Queued
734926010,Accepted
734926010,Completed
734926010,Completed
734941798,Accepted
734941798,Accepted
734941798,Queued
734941798,Accepted
734941798,Queued
734941798,Accepted
734941798,Queued
734941798,Accepted
734941798,Queued
734941798,Accepted
734941798,Queued
734941798,Accepted
734941798,Completed
734941798,Completed
734955675,Accepted
734955675,Accepted
734955675,Accepted
734955675,Accepted
734955675,Queued
734955675,Accepted
734955675,Queued
734955675,Accepted
734955675,Completed
734955675,Completed
734968511,Accepted
734968511,Accepted
734968511,Queued
734968511,Accepted
734968511,Accepted
734968511,Accepted
734968511,Accepted
734968511,Accepted
734968511,Completed
734968511,Completed
734994401,Accepted
734994401,Accepted
734994401,Queued
734994401,Accepted
734994401,Queued
734994401,Accepted
734994401,Accepted
734994401,Queued
734994401,Accepted
734994401,Queued
734994401,Accepted
734994401,Queued
734994401,Accepted
734994401,Accepted
734994401,Accepted
734994401,Completed
734994401,Completed
735013174,Accepted
735013174,Accepted
735013174,Queued
735013174,Accepted
735013174,Accepted
735013174,Accepted
735013174,Accepted
735013174,Accepted
735013174,Completed
735013174,Completed
735176830,Accepted
735176830,Accepted
735176830,Queued
735176830,Accepted
735176830,Queued
735176830,Accepted
735176830,Completed
735176830,Completed
735194386,Queued
735194386,Accepted
735194386,Queued
735194386,Accepted
735194386,Queued
735194386,Accepted
735194386,Completed
735194386,Completed
736320529,Accepted
736320529,Accepted
736320529,Queued
736320529,Accepted
736320529,Queued
736320529,Accepted
736320529,Completed
736320529,Completed
736445070,Accepted
736445070,Accepted
736445070,Queued
736445070,Accepted
736445070,Queued
736445070,Accepted
736445070,Completed
736445070,Completed
736468118,Accepted
736468118,Accepted
736468118,Accepted
736468118,Queued
736468118,Accepted
736468118,Completed
736468118,Completed
736629596,Accepted
736629596,Accepted
736629596,Queued
736629596,Accepted
736629596,Queued
736629596,Accepted
736629596,Completed
736629596,Completed
736720459,Accepted
736720459,Accepted
736720459,Queued
736720459,Accepted
736720459,Queued
736720459,Accepted
736720459,Completed
736720459,Completed
736720567,Accepted
736720567,Accepted
736720567,Queued
736720567,Accepted
736720567,Queued
736720567,Accepted
736720567,Completed
736720567,Completed
736727562,Queued
736727562,Accepted
736727562,Queued
736727562,Accepted
736727562,Completed
736727562,Completed
737321297,Accepted
737321297,Accepted
737321297,Queued
737321297,Accepted
737321297,Queued
737321297,Accepted
737321297,Queued
737321297,Accepted
737321297,Queued
737321297,Accepted
737321297,Accepted
737321297,Accepted
737321297,Accepted
737321297,Completed
737321297,Completed
737332116,Accepted
737332116,Accepted
737332116,Queued
737332116,Accepted
737332116,Queued
737332116,Accepted
737332116,Queued
737332116,Accepted
737332116,Completed
737332116,Completed
737353965,Accepted
737353965,Accepted
737353965,Completed
737370531,Accepted
737370531,Accepted
737370531,Queued
737370531,Accepted
737370531,Queued
737370531,Accepted
737370531,Completed
737370531,Completed
737373550,Queued
737373550,Accepted
737373550,Queued
737373550,Accepted
737373550,Completed
737373550,Completed
737379911,Queued
737379911,Accepted
737379911,Accepted
737379911,Accepted
737379911,Accepted
737379911,Queued
737379911,Accepted
737379911,Queued
737379911,Accepted
737379911,Completed
737379911,Completed
737380561,Queued
737380561,Accepted
737380561,Queued
737380561,Accepted
737380561,Completed
737380561,Completed
737385815,Accepted
737385815,Accepted
737385815,Queued
737385815,Accepted
737385815,Queued
737385815,Accepted
737385815,Queued
737385815,Accepted
737385815,Queued
737385815,Accepted
737385815,Completed
737385815,Completed
737391938,Accepted
737391938,Accepted
737391938,Queued
737391938,Accepted
737391938,Queued
737391938,Accepted
737391938,Completed
737391938,Completed
737400987,Accepted
737400987,Accepted
737400987,Completed
737406681,Accepted
737406681,Accepted
737406681,Queued
737406681,Accepted
737406681,Queued
737406681,Accepted
737406681,Completed
737406681,Completed
737410701,Accepted
737410701,Accepted
737410701,Queued
737410701,Accepted
737410701,Queued
737410701,Accepted
737410701,Completed
737410701,Completed
737422662,Queued
737422662,Accepted
737422662,Queued
737422662,Accepted
737422662,Completed
737422662,Completed
737460731,Accepted
737460731,Accepted
737460731,Queued
737460731,Accepted
737460731,Queued
737460731,Accepted
737460731,Completed
737460731,Completed
737461747,Accepted
737461747,Accepted
737461747,Completed
737461887,Accepted
737461887,Accepted
737461887,Queued
737461887,Accepted
737461887,Queued
737461887,Accepted
737461887,Completed
737461887,Completed
737463991,Accepted
737463991,Accepted
737463991,Queued
737463991,Accepted
737463991,Queued
737463991,Accepted
737463991,Queued
737463991,Accepted
737463991,Completed
737463991,Completed
737464766,Accepted
737464766,Accepted
737464766,Queued
737464766,Accepted
737464766,Queued
737464766,Accepted
737464766,Completed
737464766,Completed
738150611,Queued
738150611,Accepted
738150611,Queued
738150611,Accepted
738150611,Completed
738150611,Completed
738154981,Accepted
738154981,Accepted
738154981,Queued
738154981,Accepted
738154981,Queued
738154981,Accepted
738154981,Completed
738154981,Completed
738155134,Accepted
738155134,Accepted
738155134,Queued
738155134,Accepted
738155134,Queued
738155134,Accepted
738155134,Completed
738155134,Completed
738155192,Accepted
738155192,Accepted
738155192,Completed
738155192,Completed
738156462,Accepted
738156462,Accepted
738156462,Completed
738157275,Accepted
738157275,Accepted
738157275,Queued
738157275,Accepted
738157275,Accepted
738157275,Accepted
738157275,Accepted
738157275,Accepted
738157275,Accepted
738157275,Completed
738157275,Completed
738163099,Accepted
738163099,Accepted
738163099,Completed
738165006,Accepted
738165006,Accepted
738165006,Completed
738188295,Accepted
738188295,Accepted
738188295,Queued
738188295,Accepted
738188295,Queued
738188295,Accepted
738188295,Completed
738188295,Completed
738197417,Queued
738197417,Accepted
738197417,Queued
738197417,Accepted
738197417,Completed
738197417,Completed
738201883,Accepted
738201883,Accepted
738201883,Completed
738229673,Accepted
738229673,Accepted
738229673,Queued
738229673,Accepted
738229673,Accepted
738229673,Completed
738229673,Completed
738238217,Accepted
738238217,Accepted
738238217,Accepted
738238217,Queued
738238217,Accepted
738238217,Completed
738238217,Completed
738241278,Accepted
738241278,Accepted
738241278,Accepted
738241278,Accepted
738241278,Queued
738241278,Accepted
738241278,Accepted
738241278,Accepted
738241278,Queued
738241278,Accepted
738241278,Completed
738241278,Completed
738263193,Accepted
738263193,Accepted
738263193,Queued
738263193,Accepted
738263193,Queued
738263193,Accepted
738263193,Completed
738263193,Completed
738317005,Queued
738317005,Accepted
738317005,Queued
738317005,Accepted
738317005,Completed
738317005,Completed
738318564,Accepted
738318564,Accepted
738318564,Completed
738331277,Accepted
738331277,Accepted
738331277,Queued
738331277,Accepted
738331277,Queued
738331277,Accepted
738331277,Completed
738331277,Completed
738331603,Accepted
738331603,Accepted
738331603,Queued
738331603,Accepted
738331603,Queued
738331603,Accepted
738331603,Accepted
738331603,Completed
738331603,Completed
738333460,Accepted
738333460,Accepted
738333460,Queued
738333460,Accepted
738333460,Accepted
738333460,Accepted
738333460,Queued
738333460,Accepted
738333460,Completed
738333460,Completed
738343461,Accepted
738343461,Accepted
738343461,Queued
738343461,Accepted
738343461,Queued
738343461,Accepted
738343461,Completed
738343461,Completed
738347413,Accepted
738347413,Accepted
738347413,Completed
738350213,Accepted
738350213,Accepted
738350213,Completed
738385539,Accepted
738385539,Accepted
738385539,Queued
738385539,Accepted
738385539,Queued
738385539,Accepted
738385539,Completed
738385539,Completed
738388171,Accepted
738388171,Accepted
738388171,Queued
738388171,Accepted
738388171,Queued
738388171,Accepted
738388171,Completed
738388171,Completed
738419176,Accepted
738419176,Accepted
738419176,Queued
738419176,Accepted
738419176,Queued
738419176,Accepted
738419176,Completed
738419176,Completed
738458373,Accepted
738458373,Accepted
738458373,Queued
738458373,Accepted
738458373,Accepted
738458373,Accepted
738458373,Completed
738458373,Completed
738467927,Accepted
738467927,Accepted
738467927,Queued
738467927,Accepted
738467927,Queued
738467927,Accepted
738467927,Completed
738467927,Completed
738496443,Accepted
738496443,Accepted
738496443,Queued
738496443,Accepted
738496443,Queued
738496443,Accepted
738496443,Queued
738496443,Accepted
738496443,Queued
738496443,Accepted
738496443,Completed
738496443,Completed
738499316,Accepted
738499316,Accepted
738499316,Completed
738503291,Accepted
738503291,Accepted
738503291,Queued
738503291,Accepted
738503291,Queued
738503291,Accepted
738503291,Queued
738503291,Accepted
738503291,Queued
738503291,Accepted
738503291,Queued
738503291,Accepted
738503291,Queued
738503291,Accepted
738503291,Completed
738503291,Completed
738506787,Accepted
738506787,Accepted
738506787,Completed
738516996,Accepted
738516996,Accepted
738516996,Completed
738516996,Completed
738522191,Queued
738522191,Accepted
738522191,Queued
738522191,Accepted
738522191,Queued
738522191,Accepted
738522191,Completed
738522191,Completed
738527937,Queued
738527937,Accepted
738527937,Queued
738527937,Accepted
738527937,Completed
738527937,Completed
738530767,Accepted
738530767,Accepted
738530767,Queued
738530767,Accepted
738530767,Completed
738530767,Completed
738539569,Accepted
738539569,Accepted
738539569,Queued
738539569,Accepted
738539569,Queued
738539569,Accepted
738539569,Accepted
738539569,Queued
738539569,Accepted
738539569,Queued
738539569,Accepted
738539569,Completed
738539569,Completed
738539574,Accepted
738539574,Accepted
738539574,Queued
738539574,Accepted
738539574,Queued
738539574,Accepted
738539574,Completed
738539574,Completed
738539862,Accepted
738539862,Accepted
738539862,Queued
738539862,Accepted
738539862,Queued
738539862,Accepted
738539862,Accepted
738539862,Accepted
738539862,Completed
738539862,Completed
738550991,Queued
738550991,Accepted
738550991,Queued
738550991,Accepted
738550991,Queued
738550991,Accepted
738550991,Completed
738550991,Completed
738551591,Queued
738551591,Accepted
738551591,Queued
738551591,Accepted
738551591,Queued
738551591,Accepted
738551591,Completed
738551591,Completed
738551731,Queued
738551731,Accepted
738551731,Queued
738551731,Accepted
738551731,Completed
738551731,Completed
738558868,Accepted
738558868,Accepted
738558868,Queued
738558868,Accepted
738558868,Queued
738558868,Accepted
738558868,Completed
738558868,Completed
738568465,Accepted
738568465,Accepted
738568465,Queued
738568465,Accepted
738568465,Accepted
738568465,Accepted
738568465,Accepted
738568465,Queued
738568465,Accepted
738568465,Queued
738568465,Accepted
738568465,Accepted
738568465,Accepted
738568465,Accepted
738568465,Queued
738568465,Accepted
738568465,Accepted
738568465,Accepted
738568465,Accepted
738568465,Accepted
738568465,Accepted
738568465,Accepted
738568465,Completed
738568465,Completed
738590753,Accepted
738590753,Accepted
738590753,Queued
738590753,Accepted
738590753,Queued
738590753,Accepted
738590753,Completed
738590753,Completed
738603537,Accepted
738603537,Accepted
738603537,Queued
738603537,Accepted
738603537,Queued
738603537,Accepted
738603537,Queued
738603537,Accepted
738603537,Completed
738603537,Completed
738610057,Accepted
738610057,Accepted
738610057,Queued
738610057,Accepted
738610057,Queued
738610057,Accepted
738610057,Completed
738610057,Completed
738611382,Accepted
738611382,Accepted
738611382,Queued
738611382,Queued
738611382,Accepted
738611382,Accepted
738611382,Accepted
738611382,Accepted
738611382,Accepted
738611382,Accepted
738611382,Accepted
738611382,Accepted
738611382,Accepted
738611382,Completed
738611382,Completed
738619400,Accepted
738619400,Accepted
738619400,Completed
738649666,Accepted
738649666,Accepted
738649666,Queued
738649666,Accepted
738649666,Queued
738649666,Accepted
738649666,Completed
738649666,Completed
738657434,Accepted
738657434,Accepted
738657434,Queued
738657434,Accepted
738657434,Queued
738657434,Accepted
738657434,Completed
738657434,Completed
738657977,Queued
738657977,Accepted
738657977,Queued
738657977,Accepted
738657977,Completed
738657977,Completed
738673089,Accepted
738673089,Accepted
738673089,Queued
738673089,Accepted
738673089,Queued
738673089,Accepted
738673089,Completed
738673089,Completed
738681116,Accepted
738681116,Accepted
738681116,Completed
738681401,Accepted
738681401,Accepted
738681401,Queued
738681401,Accepted
738681401,Accepted
738681401,Accepted
738681401,Accepted
738681401,Accepted
738681401,Accepted
738681401,Completed
738681401,Completed
738686730,Accepted
738686730,Accepted
738686730,Queued
738686730,Accepted
738686730,Queued
738686730,Accepted
738686730,Completed
738686730,Completed
738699585,Accepted
738699585,Accepted
738699585,Queued
738699585,Accepted
738699585,Queued
738699585,Accepted
738699585,Completed
738699585,Completed
738707985,Accepted
738707985,Accepted
738707985,Queued
738707985,Accepted
738707985,Queued
738707985,Accepted
738707985,Completed
738707985,Completed
738710468,Accepted
738710468,Accepted
738710468,Completed
738720324,Queued
738720324,Accepted
738720324,Queued
738720324,Accepted
738720324,Completed
738720324,Completed
738723315,Accepted
738723315,Accepted
738723315,Queued
738723315,Accepted
738723315,Queued
738723315,Accepted
738723315,Queued
738723315,Accepted
738723315,Completed
738723315,Completed
738781116,Accepted
738781116,Accepted
738781116,Completed
738812232,Queued
738812232,Accepted
738812232,Queued
738812232,Accepted
738812232,Completed
738812232,Completed
738847366,Queued
738847366,Accepted
738847366,Queued
738847366,Accepted
738847366,Completed
738847366,Completed
739177608,Accepted
739177608,Accepted
739177608,Queued
739177608,Accepted
739177608,Queued
739177608,Accepted
739177608,Completed
739177608,Completed
739211891,Accepted
739211891,Accepted
739211891,Completed
739225221,Queued
739225221,Accepted
739225221,Accepted
739225221,Accepted
739225221,Completed
739225221,Completed
739228787,Accepted
739228787,Accepted
739228787,Completed
739269455,Accepted
739269455,Accepted
739269455,Queued
739269455,Accepted
739269455,Queued
739269455,Accepted
739269455,Completed
739269455,Completed
739289621,Accepted
739289621,Accepted
739289621,Completed
739291954,Accepted
739291954,Accepted
739291954,Queued
739291954,Accepted
739291954,Queued
739291954,Accepted
739291954,Completed
739291954,Completed
739366817,Accepted
739366817,Accepted
739366817,Queued
739366817,Accepted
739366817,Queued
739366817,Accepted
739366817,Accepted
739366817,Accepted
739366817,Accepted
739366817,Accepted
739366817,Accepted
739366817,Accepted
739366817,Accepted
739366817,Queued
739366817,Accepted
739366817,Queued
739366817,Accepted
739366817,Queued
739366817,Accepted
739366817,Queued
739366817,Accepted
739366817,Completed
739366817,Completed
739389869,Accepted
739389869,Accepted
739389869,Queued
739389869,Accepted
739389869,Queued
739389869,Accepted
739389869,Completed
739389869,Completed
739400416,Accepted
739400416,Accepted
739400416,Queued
739400416,Accepted
739400416,Queued
739400416,Accepted
739400416,Completed
739400416,Completed
739402880,Accepted
739402880,Accepted
739402880,Queued
739402880,Accepted
739402880,Queued
739402880,Accepted
739402880,Completed
739402880,Completed
739403040,Accepted
739403040,Accepted
739403040,Queued
739403040,Accepted
739403040,Queued
739403040,Accepted
739403040,Completed
739403040,Completed
739413127,Accepted
739413127,Accepted
739413127,Queued
739413127,Accepted
739413127,Queued
739413127,Accepted
739413127,Queued
739413127,Accepted
739413127,Queued
739413127,Accepted
739413127,Queued
739413127,Accepted
739413127,Completed
739413127,Completed
739419280,Accepted
739419280,Accepted
739419280,Queued
739419280,Accepted
739419280,Queued
739419280,Accepted
739419280,Completed
739419280,Completed
739441482,Accepted
739441482,Accepted
739441482,Queued
739441482,Accepted
739441482,Queued
739441482,Accepted
739441482,Completed
739441482,Completed
739452487,Accepted
739452487,Accepted
739452487,Queued
739452487,Accepted
739452487,Queued
739452487,Accepted
739452487,Queued
739452487,Accepted
739452487,Queued
739452487,Accepted
739452487,Queued
739452487,Accepted
739452487,Queued
739452487,Accepted
739452487,Completed
739452487,Completed
739471935,Accepted
739471935,Accepted
739471935,Queued
739471935,Accepted
739471935,Accepted
739471935,Completed
739471935,Completed
739506338,Accepted
739506338,Accepted
739506338,Queued
739506338,Accepted
739506338,Accepted
739506338,Completed
739506338,Completed
739512554,Accepted
739512554,Accepted
739512554,Queued
739512554,Accepted
739512554,Queued
739512554,Accepted
739512554,Completed
739512554,Completed
739566283,Accepted
739566283,Accepted
739566283,Completed
739595023,Accepted
739595023,Accepted
739595023,Accepted
739595023,Queued
739595023,Accepted
739595023,Completed
739595023,Completed
739599719,Accepted
739599719,Accepted
739599719,Completed
739604090,Queued
739604090,Accepted
739604090,Queued
739604090,Accepted
739604090,Completed
739604090,Completed
739604574,Queued
739604574,Accepted
739604574,Queued
739604574,Accepted
739604574,Completed
739604574,Completed
739610135,Accepted
739610135,Accepted
739610135,Completed
739610135,Completed
739695441,Accepted
739695441,Accepted
739695441,Completed
739695441,Completed
739695486,Accepted
739695486,Accepted
739695486,Queued
739695486,Accepted
739695486,Queued
739695486,Accepted
739695486,Completed
739695486,Completed
739734942,Accepted
739734942,Accepted
739734942,Queued
739734942,Accepted
739734942,Accepted
739734942,Completed
739734942,Completed
739748561,Queued
739748561,Accepted
739748561,Queued
739748561,Accepted
739748561,Completed
739748561,Completed
739749820,Accepted
739749820,Accepted
739749820,Queued
739749820,Accepted
739749820,Accepted
739749820,Completed
739749820,Completed
739771031,Accepted
739771031,Accepted
739771031,Completed
739780580,Accepted
739780580,Accepted
739780580,Queued
739780580,Accepted
739780580,Queued
739780580,Accepted
739780580,Completed
739780580,Completed
739782082,Accepted
739782082,Accepted
739782082,Completed
739800265,Accepted
739800265,Accepted
739800265,Queued
739800265,Accepted
739800265,Accepted
739800265,Completed
739800265,Completed
739837011,Accepted
739837011,Accepted
739837011,Queued
739837011,Accepted
739837011,Queued
739837011,Accepted
739837011,Completed
739837011,Completed
739843086,Accepted
739843086,Accepted
739843086,Completed
739901781,Accepted
739901781,Accepted
739901781,Queued
739901781,Accepted
739901781,Queued
739901781,Accepted
739901781,Queued
739901781,Accepted
739901781,Queued
739901781,Accepted
739901781,Completed
739901781,Completed
740300366,Accepted
740300366,Accepted
740300366,Completed
740322581,Accepted
740322581,Accepted
740322581,Queued
740322581,Accepted
740322581,Queued
740322581,Accepted
740322581,Completed
740322581,Completed
740330013,Queued
740330013,Accepted
740330013,Queued
740330013,Accepted
740330013,Accepted
740330013,Queued
740330013,Accepted
740330013,Queued
740330013,Accepted
740330013,Queued
740330013,Accepted
740330013,Queued
740330013,Accepted
740330013,Completed
740330013,Completed
740330824,Queued
740330824,Accepted
740330824,Queued
740330824,Accepted
740330824,Completed
740330824,Completed
740357428,Accepted
740357428,Accepted
740357428,Queued
740357428,Accepted
740357428,Queued
740357428,Accepted
740357428,Completed
740357428,Completed
740385762,Accepted
740385762,Accepted
740385762,Completed
740385762,Completed
740396542,Accepted
740396542,Accepted
740396542,Queued
740396542,Accepted
740396542,Queued
740396542,Accepted
740396542,Completed
740396542,Completed
740398649,Accepted
740398649,Accepted
740398649,Queued
740398649,Accepted
740398649,Queued
740398649,Accepted
740398649,Completed
740398649,Completed
740398890,Accepted
740398890,Accepted
740398890,Completed
740404280,Accepted
740404280,Accepted
740404280,Queued
740404280,Accepted
740404280,Queued
740404280,Accepted
740404280,Completed
740404280,Completed
740408943,Accepted
740408943,Accepted
740408943,Queued
740408943,Accepted
740408943,Queued
740408943,Accepted
740408943,Completed
740408943,Completed
740423500,Accepted
740423500,Accepted
740423500,Completed
740434999,Accepted
740434999,Accepted
740434999,Accepted
740434999,Queued
740434999,Accepted
740434999,Queued
740434999,Accepted
740434999,Queued
740434999,Accepted
740434999,Accepted
740434999,Accepted
740434999,Accepted
740434999,Accepted
740434999,Completed
740434999,Completed
740434999,Queued
740434999,Accepted
740434999,Accepted
740434999,Accepted
740434999,Accepted
740434999,Accepted
740434999,Accepted
740434999,Accepted
740434999,Completed
740434999,Completed
740435326,Accepted
740435326,Accepted
740435326,Queued
740435326,Accepted
740435326,Accepted
740435326,Completed
740435326,Completed
740460550,Accepted
740460550,Accepted
740460550,Completed
740527544,Accepted
740527544,Accepted
740527544,Queued
740527544,Accepted
740527544,Queued
740527544,Accepted
740527544,Completed
740527544,Completed
740529867,Accepted
740529867,Accepted
740529867,Completed
740534568,Accepted
740534568,Accepted
740534568,Queued
740534568,Accepted
740534568,Queued
740534568,Accepted
740534568,Completed
740534568,Completed
740537385,Accepted
740537385,Accepted
740537385,Completed
740550393,Accepted
740550393,Accepted
740550393,Queued
740550393,Accepted
740550393,Queued
740550393,Accepted
740550393,Completed
740550393,Completed
740572244,Accepted
740572244,Accepted
740572244,Accepted
740572244,Queued
740572244,Accepted
740572244,Completed
740572244,Completed
740572427,Accepted
740572427,Accepted
740572427,Queued
740572427,Accepted
740572427,Queued
740572427,Accepted
740572427,Completed
740572427,Completed
740633703,Accepted
740633703,Accepted
740633703,Queued
740633703,Accepted
740633703,Accepted
740633703,Completed
740633703,Completed
740648542,Accepted
740648542,Accepted
740648542,Completed
740648557,Accepted
740648557,Accepted
740648557,Queued
740648557,Accepted
740648557,Queued
740648557,Accepted
740648557,Completed
740648557,Completed
740677448,Queued
740677448,Accepted
740677448,Queued
740677448,Accepted
740677448,Completed
740677448,Completed
740684766,Accepted
740684766,Accepted
740684766,Queued
740684766,Accepted
740684766,Queued
740684766,Accepted
740684766,Queued
740684766,Accepted
740684766,Accepted
740684766,Queued
740684766,Accepted
740684766,Completed
740684766,Completed
740801127,Accepted
740801127,Accepted
740801127,Queued
740801127,Accepted
740801127,Queued
740801127,Accepted
740801127,Completed
740801127,Completed
740803482,Accepted
740803482,Accepted
740803482,Queued
740803482,Accepted
740803482,Accepted
740803482,Completed
740803482,Completed
740812490,Accepted
740812490,Accepted
740812490,Queued
740812490,Accepted
740812490,Accepted
740812490,Accepted
740812490,Queued
740812490,Accepted
740812490,Completed
740862126,Accepted
740862126,Accepted
740862126,Completed
740865953,Accepted
740865953,Accepted
740865953,Queued
740865953,Accepted
740865953,Accepted
740865953,Completed
740865953,Completed
