id,activity
364285768,Accepted
364285768,Accepted
364285768,Queued
364285768,Accepted
364285768,Queued
364285768,Accepted
364285768,Completed
364285768,Queued
364285768,Accepted
364285768,Queued
364285768,Accepted
364285768,Accepted
364285768,Accepted
364285768,Accepted
364285768,Accepted
364285768,Completed
364285768,Completed
467153946,Accepted
467153946,Accepted
467153946,Queued
467153946,Accepted
467153946,Accepted
467153946,Queued
467153946,Accepted
467153946,Accepted
467153946,Accepted
467153946,Accepted
467153946,Accepted
467153946,Accepted
467153946,Accepted
467153946,Accepted
467153946,Accepted
467153946,Accepted
467153946,Accepted
467153946,Accepted
467153946,Accepted
467153946,Queued
467153946,Accepted
467153946,Accepted
467153946,Accepted
467153946,Accepted
467153946,Accepted
467153946,Accepted
467153946,Accepted
467153946,Accepted
467153946,Queued
467153946,Accepted
467153946,Accepted
467153946,Accepted
467153946,Accepted
467153946,Accepted
467153946,Queued
467153946,Accepted
467153946,Queued
467153946,Accepted
467153946,Completed
467153946,Completed
503573772,Accepted
503573772,Accepted
503573772,Queued
503573772,Accepted
503573772,Queued
503573772,Accepted
503573772,Queued
503573772,Accepted
503573772,Queued
503573772,Accepted
503573772,Accepted
503573772,Queued
503573772,Accepted
503573772,Accepted
503573772,Accepted
503573772,Completed
503573772,Completed
504538555,Accepted
504538555,Accepted
504538555,Queued
504538555,Accepted
504538555,Queued
504538555,Accepted
504538555,Accepted
504538555,Accepted
504538555,Queued
504538555,Accepted
504538555,Queued
504538555,Accepted
504538555,Queued
504538555,Accepted
504538555,Accepted
504538555,Accepted
504538555,Accepted
504538555,Completed
504538555,Completed
506071646,Accepted
506071646,Accepted
506071646,Accepted
506071646,Queued
506071646,Accepted
506071646,Queued
506071646,Accepted
506071646,Accepted
506071646,Accepted
506071646,Queued
506071646,Accepted
506071646,Queued
506071646,Accepted
506071646,Queued
506071646,Accepted
506071646,Queued
506071646,Accepted
506071646,Accepted
506071646,Accepted
506071646,Queued
506071646,Accepted
506071646,Queued
506071646,Accepted
506071646,Accepted
506071646,Accepted
506071646,Accepted
506071646,Accepted
506071646,Queued
506071646,Accepted
506071646,Queued
506071646,Accepted
506071646,Queued
506071646,Accepted
506071646,Queued
506071646,Accepted
506071646,Queued
506071646,Accepted
506071646,Accepted
506071646,Accepted
506071646,Accepted
506071646,Accepted
506071646,Accepted
506071646,Accepted
506071646,Accepted
506071646,Queued
506071646,Accepted
506071646,Queued
506071646,Accepted
506071646,Queued
506071646,Accepted
506071646,Queued
506071646,Accepted
506071646,Accepted
506071646,Accepted
506071646,Accepted
506071646,Accepted
506071646,Accepted
506071646,Queued
506071646,Accepted
506071646,Accepted
506071646,Completed
506071646,Completed
512795200,Accepted
512795200,Accepted
512795200,Queued
512795200,Accepted
512795200,Accepted
512795200,Accepted
512795200,Accepted
512795200,Completed
512795200,Accepted
512795200,Accepted
512795200,Queued
512795200,Accepted
512795200,Accepted
512795200,Accepted
512795200,Accepted
512795200,Accepted
512795200,Accepted
512795200,Accepted
512795200,Accepted
512795200,Accepted
512795200,Accepted
512795200,Accepted
512795200,Accepted
512795200,Accepted
512795200,Accepted
512795200,Accepted
512795200,Accepted
512795200,Accepted
512795200,Accepted
512795200,Accepted
512795200,Completed
512795200,Completed
516553982,Accepted
516553982,Accepted
516553982,Queued
516553982,Accepted
516553982,Queued
516553982,Accepted
516553982,Accepted
516553982,Accepted
516553982,Accepted
516553982,Accepted
516553982,Queued
516553982,Accepted
516553982,Queued
516553982,Accepted
516553982,Queued
516553982,Accepted
516553982,Queued
516553982,Accepted
516553982,Accepted
516553982,Completed
516553982,Completed
522528740,Accepted
522528740,Accepted
522528740,Queued
522528740,Accepted
522528740,Queued
522528740,Accepted
522528740,Accepted
522528740,Accepted
522528740,Queued
522528740,Accepted
522528740,Accepted
522528740,Accepted
522528740,Completed
522528740,Completed
523391859,Accepted
523391859,Accepted
523391859,Accepted
523391859,Accepted
523391859,Accepted
523391859,Accepted
523391859,Completed
523391859,Completed
529096847,Accepted
529096847,Accepted
529096847,Queued
529096847,Accepted
529096847,Queued
529096847,Accepted
529096847,Accepted
529096847,Accepted
529096847,Queued
529096847,Accepted
529096847,Accepted
529096847,Accepted
529096847,Queued
529096847,Accepted
529096847,Accepted
529096847,Accepted
529096847,Accepted
529096847,Accepted
529096847,Queued
529096847,Accepted
529096847,Accepted
529096847,Accepted
529096847,Queued
529096847,Accepted
529096847,Accepted
529096847,Accepted
529096847,Accepted
529096847,Accepted
529096847,Accepted
529096847,Accepted
529096847,Accepted
529096847,Accepted
529096847,Accepted
529096847,Queued
529096847,Accepted
529096847,Queued
529096847,Accepted
529096847,Queued
529096847,Accepted
529096847,Queued
529096847,Accepted
529096847,Accepted
529096847,Accepted
529096847,Queued
529096847,Accepted
529096847,Queued
529096847,Accepted
529096847,Queued
529096847,Accepted
529096847,Accepted
529096847,Completed
529096847,Completed
530458987,Accepted
530458987,Accepted
530458987,Queued
530458987,Accepted
530458987,Queued
530458987,Accepted
530458987,Accepted
530458987,Accepted
530458987,Accepted
530458987,Queued
530458987,Accepted
530458987,Queued
530458987,Accepted
530458987,Accepted
530458987,Accepted
530458987,Queued
530458987,Accepted
530458987,Accepted
530458987,Accepted
530458987,Queued
530458987,Accepted
530458987,Queued
530458987,Accepted
530458987,Accepted
530458987,Accepted
530458987,Completed
530458987,Accepted
530458987,Accepted
530458987,Accepted
530458987,Completed
530458987,Completed
530772502,Accepted
530772502,Accepted
530772502,Queued
530772502,Accepted
530772502,Queued
530772502,Accepted
530772502,Queued
530772502,Accepted
530772502,Accepted
530772502,Accepted
530772502,Queued
530772502,Accepted
530772502,Completed
530772502,Completed
530838254,Accepted
530838254,Accepted
530838254,Queued
530838254,Accepted
530838254,Queued
530838254,Accepted
530838254,Accepted
530838254,Queued
530838254,Queued
530838254,Accepted
530838254,Accepted
530838254,Accepted
530838254,Completed
530838254,Queued
530838254,Accepted
530838254,Queued
530838254,Accepted
530838254,Queued
530838254,Accepted
530838254,Accepted
530838254,Accepted
530838254,Queued
530838254,Accepted
530838254,Accepted
530838254,Accepted
530838254,Accepted
530838254,Queued
530838254,Accepted
530838254,Queued
530838254,Accepted
530838254,Accepted
530838254,Accepted
530838254,Queued
530838254,Accepted
530838254,Accepted
530838254,Accepted
530838254,Accepted
530838254,Queued
530838254,Accepted
530838254,Accepted
530838254,Accepted
530838254,Completed
530838254,Completed
532109338,Accepted
532109338,Accepted
532109338,Queued
532109338,Accepted
532109338,Queued
532109338,Accepted
532109338,Queued
532109338,Accepted
532109338,Accepted
532109338,Queued
532109338,Accepted
532109338,Queued
532109338,Accepted
532109338,Queued
532109338,Accepted
532109338,Accepted
532109338,Accepted
532109338,Accepted
532109338,Accepted
532109338,Completed
532109338,Completed
536444735,Accepted
536444735,Accepted
536444735,Queued
536444735,Accepted
536444735,Queued
536444735,Accepted
536444735,Queued
536444735,Accepted
536444735,Accepted
536444735,Accepted
536444735,Accepted
536444735,Accepted
536444735,Completed
536444735,Completed
536481337,Accepted
536481337,Accepted
536481337,Queued
536481337,Accepted
536481337,Queued
536481337,Accepted
536481337,Accepted
536481337,Accepted
536481337,Queued
536481337,Accepted
536481337,Queued
536481337,Accepted
536481337,Queued
536481337,Accepted
536481337,Accepted
536481337,Accepted
536481337,Accepted
536481337,Accepted
536481337,Completed
536481337,Completed
537219938,Accepted
537219938,Accepted
537219938,Queued
537219938,Accepted
537219938,Queued
537219938,Accepted
537219938,Queued
537219938,Accepted
537219938,Queued
537219938,Accepted
537219938,Accepted
537219938,Queued
537219938,Accepted
537219938,Queued
537219938,Accepted
537219938,Queued
537219938,Accepted
537219938,Completed
537219938,Completed
540390551,Accepted
540390551,Accepted
540390551,Queued
540390551,Accepted
540390551,Accepted
540390551,Queued
540390551,Accepted
540390551,Queued
540390551,Accepted
540390551,Queued
540390551,Accepted
540390551,Accepted
540390551,Completed
540390551,Completed
541468268,Accepted
541468268,Accepted
541468268,Queued
541468268,Accepted
541468268,Queued
541468268,Accepted
541468268,Queued
541468268,Accepted
541468268,Accepted
541468268,Accepted
541468268,Completed
541468268,Completed
543317665,Accepted
543317665,Accepted
543317665,Queued
543317665,Accepted
543317665,Queued
543317665,Accepted
543317665,Accepted
543317665,Accepted
543317665,Queued
543317665,Accepted
543317665,Queued
543317665,Queued
543317665,Accepted
543317665,Queued
543317665,Accepted
543317665,Queued
543317665,Accepted
543317665,Queued
543317665,Accepted
543317665,Accepted
543317665,Accepted
543317665,Completed
543317665,Completed
543979253,Accepted
543979253,Accepted
543979253,Queued
543979253,Accepted
543979253,Completed
543979253,Completed
544969832,Accepted
544969832,Accepted
544969832,Queued
544969832,Accepted
544969832,Queued
544969832,Queued
544969832,Accepted
544969832,Accepted
544969832,Accepted
544969832,Queued
544969832,Accepted
544969832,Accepted
544969832,Accepted
544969832,Completed
544969832,Completed
544976636,Accepted
544976636,Accepted
544976636,Queued
544976636,Accepted
544976636,Queued
544976636,Accepted
544976636,Queued
544976636,Accepted
544976636,Queued
544976636,Accepted
544976636,Accepted
544976636,Accepted
544976636,Completed
544976636,Completed
550213097,Accepted
550213097,Accepted
550213097,Accepted
550213097,Queued
550213097,Queued
550213097,Accepted
550213097,Queued
550213097,Accepted
550213097,Accepted
550213097,Queued
550213097,Accepted
550213097,Queued
550213097,Queued
550213097,Accepted
550213097,Accepted
550213097,Accepted
550213097,Queued
550213097,Accepted
550213097,Queued
550213097,Accepted
550213097,Accepted
550213097,Queued
550213097,Accepted
550213097,Accepted
550213097,Accepted
550213097,Completed
550213097,Completed
557297151,Accepted
557297151,Accepted
557297151,Queued
557297151,Accepted
557297151,Queued
557297151,Queued
557297151,Accepted
557297151,Accepted
557297151,Accepted
557297151,Accepted
557297151,Queued
557297151,Accepted
557297151,Queued
557297151,Accepted
557297151,Queued
557297151,Accepted
557297151,Accepted
557297151,Accepted
557297151,Completed
557297151,Completed
559795575,Queued
559795575,Queued
559795575,Accepted
559795575,Queued
559795575,Accepted
559795575,Accepted
559795575,Accepted
559795575,Queued
559795575,Accepted
559795575,Queued
559795575,Accepted
559795575,Queued
559795575,Accepted
559795575,Queued
559795575,Accepted
559795575,Queued
559795575,Accepted
559795575,Queued
559795575,Accepted
559795575,Accepted
559795575,Accepted
559795575,Accepted
559795575,Accepted
559795575,Accepted
559795575,Completed
559795575,Completed
565045794,Accepted
565045794,Accepted
565045794,Accepted
565045794,Accepted
565045794,Queued
565045794,Accepted
565045794,Accepted
565045794,Queued
565045794,Accepted
565045794,Accepted
565045794,Accepted
565045794,Accepted
565045794,Accepted
565045794,Queued
565045794,Accepted
565045794,Queued
565045794,Accepted
565045794,Accepted
565045794,Accepted
565045794,Accepted
565045794,Queued
565045794,Accepted
565045794,Accepted
565045794,Accepted
565045794,Accepted
565045794,Accepted
565045794,Queued
565045794,Accepted
565045794,Accepted
565045794,Completed
565045794,Completed
567358917,Accepted
567358917,Accepted
567358917,Queued
567358917,Accepted
567358917,Queued
567358917,Queued
567358917,Accepted
567358917,Queued
567358917,Accepted
567358917,Accepted
567358917,Accepted
567358917,Completed
567358917,Completed
577292898,Accepted
577292898,Accepted
577292898,Queued
577292898,Accepted
577292898,Queued
577292898,Accepted
577292898,Queued
577292898,Accepted
577292898,Accepted
577292898,Queued
577292898,Accepted
577292898,Queued
577292898,Accepted
577292898,Queued
577292898,Accepted
577292898,Accepted
577292898,Accepted
577292898,Completed
577292898,Completed
578864726,Accepted
578864726,Accepted
578864726,Accepted
578864726,Queued
578864726,Accepted
578864726,Queued
578864726,Accepted
578864726,Completed
578864726,Queued
578864726,Accepted
578864726,Queued
578864726,Accepted
578864726,Completed
578864726,Completed
580893958,Accepted
580893958,Accepted
580893958,Queued
580893958,Accepted
580893958,Accepted
580893958,Accepted
580893958,Queued
580893958,Accepted
580893958,Queued
580893958,Accepted
580893958,Queued
580893958,Queued
580893958,Accepted
580893958,Queued
580893958,Accepted
580893958,Accepted
580893958,Accepted
580893958,Completed
580893958,Completed
580987781,Queued
580987781,Queued
580987781,Accepted
580987781,Accepted
580987781,Accepted
580987781,Accepted
580987781,Accepted
580987781,Completed
580987781,Completed
583200733,Accepted
583200733,Accepted
583200733,Accepted
583200733,Accepted
583200733,Accepted
583200733,Accepted
583200733,Accepted
583200733,Completed
587101946,Accepted
587101946,Accepted
587101946,Queued
587101946,Accepted
587101946,Accepted
587101946,Accepted
587101946,Accepted
587101946,Accepted
587101946,Accepted
587101946,Queued
587101946,Accepted
587101946,Completed
587101946,Completed
593737913,Accepted
593737913,Accepted
593737913,Accepted
593737913,Accepted
593737913,Accepted
593737913,Accepted
593737913,Accepted
593737913,Accepted
593737913,Accepted
593737913,Completed
593737913,Completed
597436480,Accepted
597436480,Accepted
597436480,Queued
597436480,Accepted
597436480,Queued
597436480,Queued
597436480,Accepted
597436480,Accepted
597436480,Accepted
597436480,Accepted
597436480,Accepted
597436480,Accepted
597436480,Accepted
597436480,Completed
597436480,Completed
601328051,Accepted
601328051,Accepted
601328051,Queued
601328051,Accepted
601328051,Accepted
601328051,Accepted
601328051,Accepted
601328051,Accepted
601328051,Completed
601328051,Completed
603556351,Accepted
603556351,Accepted
603556351,Accepted
603556351,Accepted
603556351,Queued
603556351,Accepted
603556351,Accepted
603556351,Accepted
603556351,Accepted
603556351,Completed
603556351,Completed
603749197,Accepted
603749197,Accepted
603749197,Queued
603749197,Accepted
603749197,Queued
603749197,Accepted
603749197,Queued
603749197,Accepted
603749197,Queued
603749197,Accepted
603749197,Accepted
603749197,Accepted
603749197,Accepted
603749197,Accepted
603749197,Accepted
603749197,Completed
603749197,Completed
605313141,Queued
605313141,Queued
605313141,Accepted
605313141,Accepted
605313141,Completed
605313141,Completed
605956457,Accepted
605956457,Accepted
605956457,Queued
605956457,Accepted
605956457,Queued
605956457,Accepted
605956457,Accepted
605956457,Accepted
605956457,Queued
605956457,Accepted
605956457,Accepted
605956457,Accepted
605956457,Accepted
605956457,Queued
605956457,Accepted
605956457,Accepted
605956457,Accepted
605956457,Queued
605956457,Accepted
605956457,Queued
605956457,Accepted
605956457,Accepted
605956457,Accepted
605956457,Queued
605956457,Accepted
605956457,Completed
605956457,Completed
606902814,Accepted
606902814,Accepted
606902814,Queued
606902814,Accepted
606902814,Accepted
606902814,Completed
606902814,Completed
611261188,Accepted
611261188,Accepted
611261188,Queued
611261188,Accepted
611261188,Queued
611261188,Accepted
611261188,Queued
611261188,Accepted
611261188,Accepted
611261188,Accepted
611261188,Accepted
611261188,Accepted
611261188,Accepted
611261188,Accepted
611261188,Queued
611261188,Accepted
611261188,Queued
611261188,Accepted
611261188,Accepted
611261188,Accepted
611261188,Queued
611261188,Accepted
611261188,Accepted
611261188,Accepted
611261188,Completed
611261188,Completed
613379581,Queued
613379581,Queued
613379581,Accepted
613379581,Accepted
613379581,Accepted
613379581,Completed
613379581,Completed
614948909,Accepted
614948909,Accepted
614948909,Queued
614948909,Accepted
614948909,Accepted
614948909,Accepted
614948909,Queued
614948909,Accepted
614948909,Accepted
614948909,Accepted
614948909,Accepted
614948909,Accepted
614948909,Queued
614948909,Accepted
614948909,Accepted
614948909,Accepted
614948909,Queued
614948909,Accepted
614948909,Queued
614948909,Accepted
614948909,Accepted
614948909,Accepted
614948909,Completed
614948909,Completed
617858557,Accepted
617858557,Accepted
617858557,Queued
617858557,Accepted
617858557,Accepted
617858557,Completed
617858557,Accepted
617858557,Accepted
617858557,Queued
617858557,Accepted
617858557,Accepted
617858557,Queued
617858557,Accepted
617858557,Accepted
617858557,Accepted
617858557,Queued
617858557,Accepted
617858557,Accepted
617858557,Accepted
617858557,Accepted
617858557,Accepted
617858557,Accepted
617858557,Accepted
617858557,Accepted
617858557,Accepted
617858557,Accepted
617858557,Accepted
617858557,Accepted
617858557,Accepted
617858557,Accepted
617858557,Accepted
617858557,Queued
617858557,Accepted
617858557,Accepted
617858557,Queued
617858557,Accepted
617858557,Accepted
617858557,Accepted
617858557,Completed
617858557,Completed
618854217,Accepted
618854217,Accepted
618854217,Queued
618854217,Accepted
618854217,Accepted
618854217,Queued
618854217,Accepted
618854217,Accepted
618854217,Completed
618854217,Queued
618854217,Accepted
618854217,Queued
618854217,Accepted
618854217,Accepted
618854217,Accepted
618854217,Accepted
618854217,Completed
618854217,Completed
619069761,Accepted
619069761,Accepted
619069761,Accepted
619069761,Queued
619069761,Accepted
619069761,Queued
619069761,Accepted
619069761,Queued
619069761,Accepted
619069761,Queued
619069761,Accepted
619069761,Accepted
619069761,Accepted
619069761,Queued
619069761,Accepted
619069761,Accepted
619069761,Queued
619069761,Queued
619069761,Accepted
619069761,Queued
619069761,Accepted
619069761,Completed
619069761,Completed
620611187,Accepted
620611187,Accepted
620611187,Queued
620611187,Accepted
620611187,Queued
620611187,Accepted
620611187,Accepted
620611187,Completed
620611187,Completed
621825480,Accepted
621825480,Accepted
621825480,Queued
621825480,Accepted
621825480,Queued
621825480,Accepted
621825480,Accepted
621825480,Accepted
621825480,Queued
621825480,Accepted
621825480,Queued
621825480,Accepted
621825480,Accepted
621825480,Accepted
621825480,Queued
621825480,Accepted
621825480,Queued
621825480,Accepted
621825480,Queued
621825480,Accepted
621825480,Accepted
621825480,Accepted
621825480,Completed
621825480,Completed
623778166,Accepted
623778166,Accepted
623778166,Queued
623778166,Accepted
623778166,Queued
623778166,Accepted
623778166,Queued
623778166,Accepted
623778166,Completed
623778166,Completed
626766981,Queued
626766981,Queued
626766981,Accepted
626766981,Accepted
626766981,Accepted
626766981,Accepted
626766981,Accepted
626766981,Accepted
626766981,Accepted
626766981,Completed
626766981,Completed
627819166,Accepted
627819166,Accepted
627819166,Accepted
627819166,Queued
627819166,Accepted
627819166,Queued
627819166,Accepted
627819166,Queued
627819166,Accepted
627819166,Queued
627819166,Accepted
627819166,Accepted
627819166,Queued
627819166,Accepted
627819166,Queued
627819166,Accepted
627819166,Accepted
627819166,Queued
627819166,Accepted
627819166,Queued
627819166,Accepted
627819166,Accepted
627819166,Accepted
627819166,Queued
627819166,Accepted
627819166,Accepted
627819166,Queued
627819166,Accepted
627819166,Queued
627819166,Accepted
627819166,Queued
627819166,Accepted
627819166,Accepted
627819166,Accepted
627819166,Accepted
627819166,Accepted
627819166,Accepted
627819166,Accepted
627819166,Accepted
627819166,Accepted
627819166,Completed
627819166,Completed
627973205,Accepted
627973205,Accepted
627973205,Accepted
627973205,Queued
627973205,Accepted
627973205,Queued
627973205,Accepted
627973205,Queued
627973205,Accepted
627973205,Queued
627973205,Accepted
627973205,Accepted
627973205,Queued
627973205,Accepted
627973205,Queued
627973205,Accepted
627973205,Queued
627973205,Accepted
627973205,Queued
627973205,Accepted
627973205,Queued
627973205,Accepted
627973205,Queued
627973205,Accepted
627973205,Queued
627973205,Accepted
627973205,Queued
627973205,Accepted
627973205,Queued
627973205,Accepted
627973205,Queued
627973205,Accepted
627973205,Queued
627973205,Accepted
627973205,Queued
627973205,Accepted
627973205,Queued
627973205,Queued
627973205,Accepted
627973205,Queued
627973205,Accepted
627973205,Queued
627973205,Accepted
627973205,Queued
627973205,Accepted
627973205,Accepted
627973205,Accepted
627973205,Queued
627973205,Accepted
627973205,Queued
627973205,Accepted
627973205,Accepted
627973205,Accepted
627973205,Queued
627973205,Accepted
627973205,Accepted
627973205,Accepted
627973205,Accepted
627973205,Accepted
627973205,Accepted
627973205,Accepted
627973205,Accepted
627973205,Accepted
627973205,Accepted
627973205,Accepted
627973205,Accepted
627973205,Accepted
627973205,Accepted
627973205,Accepted
627973205,Accepted
627973205,Accepted
627973205,Accepted
627973205,Accepted
627973205,Accepted
627973205,Accepted
627973205,Accepted
627973205,Accepted
627973205,Accepted
627973205,Queued
627973205,Accepted
627973205,Queued
627973205,Accepted
627973205,Queued
627973205,Accepted
627973205,Queued
627973205,Accepted
627973205,Queued
627973205,Accepted
627973205,Completed
627973205,Completed
629364071,Accepted
629364071,Accepted
629364071,Queued
629364071,Accepted
629364071,Accepted
629364071,Accepted
629364071,Accepted
629364071,Completed
629364071,Completed
629883996,Accepted
629883996,Accepted
629883996,Queued
629883996,Accepted
629883996,Queued
629883996,Accepted
629883996,Queued
629883996,Accepted
629883996,Queued
629883996,Accepted
629883996,Accepted
629883996,Accepted
629883996,Completed
629883996,Completed
629883996,Accepted
629883996,Queued
629883996,Accepted
629883996,Queued
629883996,Queued
629883996,Accepted
629883996,Completed
629883996,Accepted
629883996,Accepted
629883996,Accepted
629883996,Queued
629883996,Accepted
629883996,Accepted
629883996,Accepted
629883996,Accepted
629883996,Accepted
629883996,Queued
629883996,Accepted
629883996,Accepted
629883996,Accepted
629883996,Queued
629883996,Accepted
629883996,Queued
629883996,Accepted
629883996,Accepted
629883996,Queued
629883996,Accepted
629883996,Accepted
629883996,Accepted
629883996,Accepted
629883996,Queued
629883996,Accepted
629883996,Queued
629883996,Accepted
629883996,Completed
629883996,Completed
630181491,Accepted
630181491,Accepted
630181491,Queued
630181491,Accepted
630181491,Queued
630181491,Queued
630181491,Accepted
630181491,Accepted
630181491,Accepted
630181491,Accepted
630181491,Accepted
630181491,Accepted
630181491,Completed
630181491,Completed
632620937,Accepted
632620937,Accepted
632620937,Accepted
632620937,Queued
632620937,Accepted
632620937,Accepted
632620937,Accepted
632620937,Accepted
632620937,Completed
632620937,Completed
634738521,Queued
634738521,Accepted
634738521,Accepted
634738521,Accepted
634738521,Accepted
634738521,Queued
634738521,Accepted
634738521,Queued
634738521,Accepted
634738521,Queued
634738521,Accepted
634738521,Accepted
634738521,Queued
634738521,Queued
634738521,Accepted
634738521,Accepted
634738521,Accepted
634738521,Accepted
634738521,Accepted
634738521,Accepted
634738521,Accepted
634738521,Completed
634738521,Completed
635268712,Accepted
635268712,Accepted
635268712,Queued
635268712,Accepted
635268712,Queued
635268712,Accepted
635268712,Queued
635268712,Accepted
635268712,Queued
635268712,Accepted
635268712,Accepted
635268712,Accepted
635268712,Queued
635268712,Accepted
635268712,Queued
635268712,Accepted
635268712,Queued
635268712,Accepted
635268712,Accepted
635268712,Accepted
635268712,Accepted
635268712,Accepted
635268712,Queued
635268712,Accepted
635268712,Completed
635268712,Completed
635375181,Accepted
635375181,Accepted
635375181,Queued
635375181,Accepted
635375181,Queued
635375181,Accepted
635375181,Queued
635375181,Accepted
635375181,Queued
635375181,Accepted
635375181,Accepted
635375181,Accepted
635375181,Queued
635375181,Accepted
635375181,Completed
635375181,Completed
636928149,Accepted
636928149,Accepted
636928149,Queued
636928149,Accepted
636928149,Queued
636928149,Accepted
636928149,Queued
636928149,Accepted
636928149,Queued
636928149,Accepted
636928149,Queued
636928149,Accepted
636928149,Completed
636928149,Completed
637842042,Accepted
637842042,Accepted
637842042,Queued
637842042,Accepted
637842042,Queued
637842042,Queued
637842042,Accepted
637842042,Accepted
637842042,Accepted
637842042,Accepted
637842042,Accepted
637842042,Accepted
637842042,Completed
637842042,Accepted
637842042,Queued
637842042,Accepted
637842042,Queued
637842042,Accepted
637842042,Queued
637842042,Accepted
637842042,Queued
637842042,Accepted
637842042,Queued
637842042,Accepted
637842042,Accepted
637842042,Accepted
637842042,Completed
637842042,Completed
638018481,Queued
638018481,Accepted
638018481,Queued
638018481,Queued
638018481,Accepted
638018481,Accepted
638018481,Accepted
638018481,Accepted
638018481,Accepted
638018481,Accepted
638018481,Completed
638018481,Completed
638289351,Accepted
638289351,Accepted
638289351,Accepted
638289351,Accepted
638289351,Accepted
638289351,Completed
638289351,Completed
638742591,Accepted
638742591,Accepted
638742591,Queued
638742591,Queued
638742591,Accepted
638742591,Queued
638742591,Accepted
638742591,Accepted
638742591,Accepted
638742591,Accepted
638742591,Queued
638742591,Accepted
638742591,Accepted
638742591,Accepted
638742591,Queued
638742591,Accepted
638742591,Accepted
638742591,Accepted
638742591,Queued
638742591,Accepted
638742591,Queued
638742591,Accepted
638742591,Queued
638742591,Accepted
638742591,Queued
638742591,Accepted
638742591,Queued
638742591,Accepted
638742591,Queued
638742591,Accepted
638742591,Queued
638742591,Accepted
638742591,Queued
638742591,Accepted
638742591,Accepted
638742591,Accepted
638742591,Queued
638742591,Accepted
638742591,Queued
638742591,Accepted
638742591,Queued
638742591,Accepted
638742591,Accepted
638742591,Accepted
638742591,Completed
638742591,Completed
638841644,Accepted
638841644,Accepted
638841644,Accepted
638841644,Accepted
638841644,Accepted
638841644,Accepted
638841644,Accepted
638841644,Completed
638841644,Completed
638945511,Queued
638945511,Accepted
638945511,Queued
638945511,Accepted
638945511,Accepted
638945511,Accepted
638945511,Accepted
638945511,Accepted
638945511,Accepted
638945511,Completed
638945511,Completed
642373523,Accepted
642373523,Accepted
642373523,Queued
642373523,Accepted
642373523,Accepted
642373523,Accepted
642373523,Accepted
642373523,Queued
642373523,Accepted
642373523,Accepted
642373523,Queued
642373523,Queued
642373523,Accepted
642373523,Queued
642373523,Accepted
642373523,Accepted
642373523,Queued
642373523,Accepted
642373523,Accepted
642373523,Queued
642373523,Accepted
642373523,Completed
642373523,Queued
642373523,Accepted
642373523,Queued
642373523,Accepted
642373523,Accepted
642373523,Accepted
642373523,Completed
642373523,Completed
642402641,Queued
642402641,Queued
642402641,Queued
642402641,Accepted
642402641,Accepted
642402641,Accepted
642402641,Completed
642402641,Completed
642411971,Accepted
642411971,Accepted
642411971,Accepted
642411971,Accepted
642411971,Completed
642411971,Accepted
642411971,Queued
642411971,Accepted
642411971,Accepted
642411971,Accepted
642411971,Accepted
642411971,Completed
642411971,Completed
642714990,Accepted
642714990,Accepted
642714990,Queued
642714990,Accepted
642714990,Accepted
642714990,Accepted
642714990,Accepted
642714990,Accepted
642714990,Queued
642714990,Accepted
642714990,Accepted
642714990,Accepted
642714990,Queued
642714990,Queued
642714990,Accepted
642714990,Accepted
642714990,Accepted
642714990,Queued
642714990,Accepted
642714990,Completed
642714990,Completed
642761396,Accepted
642761396,Accepted
642761396,Queued
642761396,Accepted
642761396,Accepted
642761396,Accepted
642761396,Queued
642761396,Accepted
642761396,Queued
642761396,Accepted
642761396,Accepted
642761396,Accepted
642761396,Completed
642761396,Completed
642781041,Accepted
642781041,Accepted
642781041,Completed
642781041,Completed
643546500,Accepted
643546500,Accepted
643546500,Queued
643546500,Accepted
643546500,Queued
643546500,Accepted
643546500,Accepted
643546500,Accepted
643546500,Queued
643546500,Accepted
643546500,Completed
643546500,Completed
643733486,Accepted
643733486,Accepted
643733486,Queued
643733486,Accepted
643733486,Queued
643733486,Accepted
643733486,Accepted
643733486,Accepted
643733486,Queued
643733486,Accepted
643733486,Queued
643733486,Accepted
643733486,Accepted
643733486,Accepted
643733486,Completed
643733486,Completed
